prev_x,prev_y,phi,speed,x
437.3366848951823,496.081608015584,4.084632152500438,33.0,401.51660114270913
401.51660114270913,465.65264812593597,4.008188527030326,47.0,380.4616555563561
380.4616555563561,435.2275061154915,3.7469458960289956,37.0,345.75841888674194
345.75841888674194,388.00838536284783,3.7753857068907255,58.599999999999994,319.67565976345674
319.67565976345674,363.2533600848021,3.953101948725269,35.959999999999994,289.95758324232213
289.95758324232213,340.9174942210397,4.067869828099189,37.176,253.66608697787552
253.66608697787552,324.32278993781557,4.283512816616275,39.90560000000001,232.1572210176779
232.1572210176779,312.92244515373767,4.225006959841732,24.34336,181.28958957302473
181.28958957302473,299.5106223617683,4.4545945784029,52.606016,114.12674540362237
114.12674540362237,299.1899705602955,4.707614772722361,67.1636096,45.893050314556646
45.893050314556646,302.1568377081204,4.755842578312502,68.29816575999999,-29.861763071910786
-29.861763071910786,310.1838527890114,0.7673687042716133,76.178899456,25.45078195786958
25.45078195786958,345.65182213193214,1.0006122380485172,65.70733967359999,85.30446626709396
85.30446626709396,373.0450441181246,1.1415825527230012,65.82440380416,144.55427369808544
144.55427369808544,386.20938691184506,1.352164068848146,60.694642282496,193.71855041356963
193.71855041356963,388.4822391178832,1.524599468857702,49.2167853694976,251.64819788910722
251.64819788910722,388.26066495194635,1.5746211918696589,57.93007122169856,321.97239436739073
321.97239436739073,408.42515369354436,1.2915521885544086,73.15804273301914,369.85235616292766
369.85235616292766,409.6182930508152,1.5458820947394214,47.894825639811486,415.449532027135
415.449532027135,396.1775350384428,1.8574496600647588,47.53689538388689,449.0738144462398
449.0738144462398,388.3554131555927,1.7993641026495102,34.522137230332135,473.7299010892484
473.7299010892484,390.0358045921346,1.5027483449707622,24.71328233819928,490.157457185634
490.157457185634,390.15233528923966,1.563702834500699,16.42796940291957,522.4826497503067
522.4826497503067,385.5104269689603,1.7134216289194968,32.65678164175174,579.6747977808577
579.6747977808577,378.71815298255854,1.6890049953862765,57.594068985051045,638.6131184322932
638.6131184322932,371.685266420454,4.129919093555389,59.35644139103063,591.510447161275
591.510447161275,325.4341182234885,3.9361120234276514,66.01386483461837,552.0218464721087
552.0218464721087,280.2495107458506,3.8598215424598514,60.00831890077103,497.6496944248402
497.6496944248402,240.07359836177716,4.076025886246967,67.60499134046262,462.44650319200696
462.44650319200696,214.75394896806765,4.088864647726023,43.36299480427757,416.1191100543864
416.1191100543864,196.98604496810253,4.346161778933967,49.61779688256654,375.6222049050629
375.6222049050629,177.43195166881156,4.262552005003937,44.97067812953992,327.64241066030377
327.64241066030377,151.40929836835076,4.2154249806521396,54.582406877723955,264.3838630133649
264.3838630133649,124.48640444289794,4.31000948720712,68.74944412663437,208.20637953660975
208.20637953660975,84.68229756844748,4.095953101908825,68.84966647598063,174.82949654386286
174.82949654386286,44.14511999386761,3.8304189145608936,52.50979988558838,128.0717031109909
128.0717031109909,11.361125789027568,4.100894956737656,57.10587993135303,100.63231402548735
100.63231402548735,-24.88818180540811,-0.4723371505702536,45.46352795881182,74.04205022284069
74.04205022284069,28.985169549140934,-0.45849029731891444,60.07811677528709,47.17925619952038
47.17925619952038,63.38632597950963,-0.6629663077690935,43.64687006517226,30.028291365758367
30.028291365758367,92.49786314607644,-0.5324008777740196,33.78812203910336,21.659248271252373
21.659248271252373,116.55667417116389,-0.3347650540375902,25.472873223462013,3.481701076943164
3.481701076943164,157.15690167104196,-0.4209565330458508,44.48372393407721,-34.351692041665686
-34.351692041665686,206.13685138849036,0.9777719898948878,61.89023436044633,27.45199931243137
27.45199931243137,238.8643285100686,1.0837975648918017,69.9341406162678,71.28130591708671
71.28130591708671,247.94688561535042,1.3664627665638513,44.760484369760675,118.70062774593612
118.70062774593612,252.6934583922965,1.4710307812467538,47.65629062185641,176.06466876802156
176.06466876802156,250.84626202796525,1.6029864978732595,57.39377437311384,229.34358977796418
229.34358977796418,237.87041932256824,1.8096910236790587,54.8362646238683,294.1600305954357
294.1600305954357,241.19717325927041,1.5195155523180905,64.90175877432098,369.8914337481615
369.8914337481615,242.40631721818806,1.554831467050065,75.74105526459259,426.902343929196
426.902343929196,244.36751393116955,1.536409511392031,57.04463315875555,465.7841003807788
465.7841003807788,241.00618023271798,1.657032072507719,39.02677989525333,507.79695803787627
507.79695803787627,248.15104117667053,1.4023442844300482,42.616067937151996,540.800619920363
540.800619920363,254.28937020465315,1.3869081374653964,33.5696407622912,583.9342894660961
583.9342894660961,269.51426418997954,1.2314780272600945,45.74178445737472,620.0689432188486
620.0689432188486,293.63398566586835,5.574429970005035,43.44507067442483,593.2433029649897
593.2433029649897,351.37372339931034,5.848260016812006,63.66704240465489,545.1020291606573
545.1020291606573,410.9557030104562,5.603595122963141,76.60022544279295,481.38373029863317
481.38373029863317,459.2630691344227,5.361079117968149,79.96013526567577,407.77969793856244
407.77969793856244,494.43555038985255,5.1581688776759815,81.57608115940546,338.9593077051139
338.9593077051139,528.8504707196921,5.176091515936475,76.94564869564329,264.19808098149315
264.19808098149315,570.8838387972796,5.224577008299382,85.76738921738597,183.4306926074526
183.4306926074526,610.2732598328066,1.7290143644246376,89.86043353043158,260.0150230728685
260.0150230728685,593.8940984966828,1.7814930440502208,78.31626011825895,332.2763951953234
332.2763951953234,578.9534760199857,1.7746815140642338,73.78975607095538,409.82170959472523
409.82170959472523,561.5518201361604,1.7915455903693613,79.47385364257323,470.29058281082973
470.29058281082973,560.1852944199651,1.5933913096900518,60.48431218554394,517.8968090073722
517.8968090073722,572.1658198631411,1.3242570567249976,49.09058731132636,547.739809914905
547.739809914905,588.1505773640338,1.0790539215252395,33.85435238679582,591.1419434376756
591.1419434376756,625.8859093409585,2.778691618574266,57.51261143207749,617.1169484586924
617.1169484586924,569.4709381424022,3.7835110786630732,62.1075668592465,576.8639305015831
576.8639305015831,535.2020871699373,4.007119699893991,52.8645401155479,518.1458475158737
518.1458475158737,496.1498506802116,4.125485479308743,70.51872406932874,473.7826071911368
473.7826071911368,450.70120044519183,3.9149060355118,63.511234441597246,433.66550424620544
433.66550424620544,419.3624975933649,4.049229080617918,50.90674066495835,404.5961928300029
404.5961928300029,401.4518610411088,4.160189501754976,34.144044398975005,348.8771849447136
348.8771849447136,386.5147937687085,4.450468963991943,57.686426639385004,291.2735438464384
291.2735438464384,368.98515791354544,4.41697844393586,60.211855983631004,236.7864349471308
236.7864349471308,335.93519618390764,4.16715640619651,63.727113590178604,199.0053157524798
199.0053157524798,326.1159668964873,4.4581166646737405,39.036268154107155,174.5152785350195
174.5152785350195,323.5725073365388,4.608903082631986,24.62176089246429,141.22986955127098
141.22986955127098,314.9941296125283,4.460155986334783,34.373056535478575,104.93083300885536
104.93083300885536,305.8879069345757,4.466594684014952,37.42383392128714,71.3053330002383
71.3053330002383,307.2799131863948,4.753762696442045,33.65430035277228,28.88568983397827
28.88568983397827,316.41719347501504,4.924549444346428,43.39258021166337,-5.6616983873841775
-5.6616983873841775,323.3469711693182,1.8199070446512928,35.235548126998026,46.76244166200545
46.76244166200545,295.9716844799575,2.052036815516093,59.14132887619881,97.45222192180259
97.45222192180259,268.859913958789,2.061938944448684,57.484797325719285,131.93191547903166
131.93191547903166,256.9127411438612,1.9043486480403347,36.49087839543157,181.57434920642055
181.57434920642055,239.23954241521514,1.912815127682604,52.69452703725894,235.9527292443934
235.9527292443934,222.7734856092444,1.8648247176096007,56.81671622235537,270.67670400992154
270.67670400992154,211.558859158562,1.8831864846688329,36.490029733413216,315.8605826806223
315.8605826806223,196.9267424674546,1.8839740693356672,47.49401784004793,348.14379760818025
348.14379760818025,190.60472766604522,1.7641788606871522,32.89641070402876,401.94099883800527
401.94099883800527,179.46793686389682,1.7749272336803679,54.93784642241726,446.6634792030858
446.6634792030858,156.74796747162878,2.040840307942051,50.16270785345036,471.65869035436185
471.65869035436185,139.27385711998568,2.1809168865589545,30.497624712070213,494.0674663962922
494.0674663962922,124.75970354120417,2.14555264079736,26.698574827242126,509.4979507693131
509.4979507693131,117.11777296213629,2.0306358457895,17.219144896345274,522.2985830487909
522.2985830487909,106.34342990116019,2.2704543602328284,16.731486937807162,558.6478019185142
558.6478019185142,74.326862916096,2.2929045666214516,48.438892162684304,595.8569037933411
595.8569037933411,16.14415912795174,2.5726188493980704,69.06333529761058,614.6200125994834
614.6200125994834,-51.12613265487241,-0.030304770559471672,69.83800117856634,603.5183189384502
603.5183189384502,-8.236850213298233,-0.10647912264201631,44.3028007071398,593.1155295622953
593.1155295622953,21.794086898065245,-0.3334662627236572,31.78168042428388,589.811217608405
589.811217608405,44.62522056156982,-0.1437303402724321,23.069008254570328,595.4468901873632
595.4468901873632,83.66191636473656,0.14337795453386337,39.4414049527422,620.3590268177575
620.3590268177575,134.33403828913532,3.4047928223557307,56.464842971645325,607.5142015974302
607.5142015974302,74.6210313584316,6.012915496924199,61.0789057829872,579.38817512746
579.38817512746,139.42823600690676,5.873720242461272,70.64734346979232,558.4361841304075
558.4361841304075,190.4848148104009,5.89377299372207,55.188406081875385,521.4716250990531
521.4716250990531,239.6526489562803,5.638530837260328,61.51304364912524,500.255759629419
500.255759629419,301.4183288600026,5.952322177409489,65.30782618947514,497.3928214589757
497.3928214589757,370.54376344111324,6.241792397213322,69.18469571368507,507.3520652583132
507.3520652583132,438.528981647708,6.428642021226397,68.71081742821104,512.3012302613827
512.3012302613827,496.7454789048063,6.367994489426975,58.42649045692663,505.98854326301404
505.98854326301404,545.393508113581,6.154143921633249,49.055894274155975,486.2947280228376
486.2947280228376,590.734749589294,5.873424694406964,49.43353656449358,463.9205722384935
463.9205722384935,622.9954738151881,2.1810809896290904,39.260121938696145,510.95283397181976
510.95283397181976,583.9054285223935,2.2642343944178074,61.156073163217684,553.3177205145486
553.3177205145486,532.9146096479399,2.4483314338578905,66.29364389793061,605.2687880184818
605.2687880184818,490.6429155526489,3.587709977504725,66.97618633875837,580.5638635492991
580.5638635492991,449.7388697928989,3.6849280931984234,47.78571180325502,566.9280649407922
566.9280649407922,407.61970251503215,3.454687499564137,44.27142708195301,549.1010506691697
549.1010506691697,363.30843984696526,3.5240917396259293,47.762856249171804,513.5027191768547
513.5027191768547,309.81252812208356,3.7287457009003897,64.25771374950308,470.92672862342175
470.92672862342175,272.58738870184817,3.993942920686713,56.55462824970185,425.10245210130006
425.10245210130006,236.49239531077373,4.045203795004996,58.33277694982111,384.78411621059405
384.78411621059405,193.96766525605065,3.900363691748538,58.599666169892664,351.0910211118776
351.0910211118776,169.63677349405688,4.0869626591528405,41.559799701935596,319.93951312490526
319.93951312490526,153.82224697518095,4.242628287344898,34.93587982116136,280.0567565704812
280.0567565704812,133.94523769933318,4.25003336929818,44.561527892696816,233.57592340585217
233.57592340585217,112.62584742785828,4.282348044365476,51.13691673561809,190.94533372354397
190.94533372354397,97.96184130090404,4.381088568682637,45.08215004137085,141.36226071086853
141.36226071086853,80.25685299993158,4.369423209824549,52.64929002482251,86.07814613557917
86.07814613557917,49.65311238199428,4.206807450121576,63.18957401489351,23.99137814997742
23.99137814997742,10.289374524361378,4.147335565609869,73.5137444089361,-44.97625240524364
-44.97625240524364,-16.830694731602833,-0.4566582563151118,74.10824664536166,-62.96765959196566
-62.96765959196566,47.152885805789936,1.0058324273775576,66.46494798721699,-31.580926380091313
-31.580926380091313,74.87870419579585,1.535759039764132,41.87896879233019,8.920035578922985
8.920035578922985,67.72793004424803,1.7455534234911376,41.127381275398115,56.84538980203821
56.84538980203821,57.161176382952775,1.787807839972083,49.07642876523887,87.69557160987495
87.69557160987495,46.483242190995014,1.904012408015119,32.64585725914333,139.20484466895735
139.20484466895735,20.732191754785767,2.034388237969132,57.58751435548599,202.96540477169154
202.96540477169154,0.3059981544473196,1.880823814141003,66.9525086132916,271.37994805003666
271.37994805003666,-8.441503954808455,-0.4580570581268535,68.97150516797495,226.833413273648
226.833413273648,48.863679597414276,-0.6607803859518577,72.58290310078497,174.2312622578894
174.2312622578894,104.20170260760034,-0.7600574005466214,76.34974186047098,132.4907499652989
132.4907499652989,156.62353943215544,-0.6724457892753701,67.00984511628259,117.15544104245612
117.15544104245612,195.0849153892292,-0.3794021975315119,41.405907069769555,83.98185359565736
83.98185359565736,243.68610667970617,-0.5989301514914365,58.843544241861736,61.86398553753783
61.86398553753783,276.17874425415323,-0.5976578944510406,39.30612654511704,49.19425568181953
49.19425568181953,297.012409248568,-0.546381373039868,24.38367592707022,27.77328217314901
27.77328217314901,317.77254069007137,-0.8010636612183131,29.830205556242134,1.292869028177556
1.292869028177556,336.2646063008528,-0.9611920803570225,32.29812333374528,-32.53195484455853
-32.53195484455853,359.3979027435675,1.0134819374391402,40.978874000247174,17.982601275407212
17.982601275407212,393.5700164840395,0.9760302481676034,60.9873244001483,59.02903600694961
59.02903600694961,444.47537447899293,0.6785878147703013,65.39239464008898,78.92039224590995
78.92039224590995,492.99144375206197,0.38909313441244775,52.43543678405339,98.72056392030153
98.72056392030153,532.5769527387112,0.46379749466021514,44.26126207043203,124.00177654127876
124.00177654127876,569.7518140047921,0.5972190919005336,44.95675724225922,147.57139870096515
147.57139870096515,621.1823160081836,4.197760134904531,56.574054345355535,114.68964120466376
114.68964120466376,608.7758190313015,3.020171940146397,35.144432607213325,117.69389972392254
117.69389972392254,579.8447251121187,3.0381216469087216,29.086659564327995,114.48688217117758
114.48688217117758,541.7274033751181,3.2255304051643243,38.2519957385968,120.27740250502814
120.27740250502814,516.2253445959861,2.918317487997296,26.151197443158075,136.31467609264405
136.31467609264405,476.8773203555761,2.754573152147332,42.490718465894844,150.70713711496148
150.70713711496148,432.8769633718076,2.8254636948770795,46.294431079536906,180.1682495759101
180.1682495759101,389.8136778468473,2.541593701614934,52.17665864772215,225.0737230164293
225.0737230164293,342.39668234248603,2.383391583376138,65.30599518863329,251.92173949612265
251.92173949612265,308.0642785753435,2.477922706606964,43.58359711317997,282.9790706199454
282.9790706199454,251.47660221487433,2.6396438578216124,64.55015826790799,308.6468326416065
308.6468326416065,209.11628706472743,2.5968177671380155,49.53009496074479,325.6187426790117
325.6187426790117,173.20698019775344,2.700077652500835,39.718056976446874,350.946898738513
350.946898738513,135.49166228249004,2.5502089598318824,45.43083418586812,367.027697115679
367.027697115679,105.92305426254791,2.643485715542952,33.65850051152087,389.132350231197
389.132350231197,65.3598738767802,2.642639658610828,46.19510030691252,422.88958773360196
422.88958773360196,7.581488126613671,2.612831757946339,66.91706018414752,451.73523128380623
451.73523128380623,-50.61182780385004,0.5432056120591597,64.9502361104885,480.80908308047117
480.80908308047117,21.519344906018368,0.3831494085307645,77.77014166629311,487.0381246854409
487.0381246854409,81.45863026381828,0.10355080883191056,60.262084999775865,500.1146312224416
500.1146312224416,150.38645370722833,0.18748496481422794,70.15725099986551,494.6142260109965
494.6142260109965,209.82685273058613,-0.09227369743740121,59.694350599919304,502.08406120230717
502.08406120230717,260.2936348236994,0.14694795647020717,51.016610359951585,509.3144677679536
509.3144677679536,303.90833800637336,0.1642849821965287,44.20996621597095,507.63033079844416
507.63033079844416,339.9950404615734,-0.04663534653328394,36.12597972958257,498.7122146318312
498.7122146318312,364.923416970949,-0.3435619239083002,26.47558783774954,493.5365246183666
493.5365246183666,398.4111663827488,-0.15334144586087703,33.885352702649726,484.04528527583267
484.04528527583267,434.7224349026903,-0.2556653976059929,37.53121162158983,474.5739391656868
474.5739391656868,455.5925486762812,-0.42602892004184506,22.9187269729539,460.1707263280895
460.1707263280895,481.62490382170506,-0.5053588797737482,29.75123618377234,450.4347476441629
450.4347476441629,499.38168446691014,-0.5015343143417459,20.250741710263405,447.34184044445476
447.34184044445476,514.8254677979472,-0.19765396099239435,15.750445026158042,439.70526163478024
439.70526163478024,530.9597386713159,-0.44207194103933606,17.850267015694826,430.6060645604284
430.6060645604284,540.9461815558578,-0.7389439969216588,13.510160209416895,414.75765944310814
414.75765944310814,561.1855351339359,-0.6643191512706563,25.706096125650138,391.43622945861017
391.43622945861017,580.4100087745152,-0.8813971357139587,30.223657675390083,360.5269976725147
360.5269976725147,614.658852583716,3.019057493713702,46.13419460523405,373.367121385542
373.367121385542,560.0680513123019,2.910584793850638,56.08051676314043,375.9426821180165
375.9426821180165,493.66967485276746,3.10282257693357,66.44831005788427,387.90209131850474
387.90209131850474,450.2164122160676,2.873017595087842,45.068986034730564,409.6200349469985
409.6200349469985,414.4528416823817,2.595848788428389,41.84139162083834,454.4563476400522
454.4563476400522,371.76896115280067,2.3316058977689975,61.90483497250301,490.9833846828727
490.9833846828727,340.1017598180904,2.2850501578165563,48.342900983501806,535.7335964152431
535.7335964152431,313.21574299765115,2.1118053261274996,52.20574059010109,585.8286222925694
585.8286222925694,273.83090146318426,2.237067439552133,63.723444354060646,619.4104711566931
619.4104711566931,237.55437504857352,3.8357163367473395,49.43406661243639,564.8991130856886
564.8991130856886,201.67350457416316,4.13025171231535,65.26043996746183,517.2338041564572
517.2338041564572,148.84139096567432,3.8756237330217433,71.15626398047709,467.73256122283266
467.73256122283266,90.78655036614732,3.847630979449545,76.29375838828625,414.8915375932107
414.8915375932107,29.9559733763452,3.8568199421294143,80.57625503297174,367.3081616277199
367.3081616277199,-35.774199032331666,-0.2663173485743866,81.14575301978306,339.9921848906696
339.9921848906696,17.07080392887991,-0.477081914530437,59.48745181186983,305.94741692073325
305.94741692073325,75.11587640608792,-0.5304509730309123,67.2924710871219,288.91863053859544
288.91863053859544,113.04398197598135,-0.42200154157819847,41.57548265227314,278.45765126022536
278.45765126022536,139.17299341383043,-0.38081563644842314,28.14528959136388,267.2665309610669
267.2665309610669,168.8181583993354,-0.3609627296124992,31.68717375481833,253.71187018326523
253.71187018326523,199.79465093946646,-0.4124766977070976,33.812304252890996,234.44566991197954
234.44566991197954,240.1155597391424,-0.4457479721123414,44.6873825517346,216.50975112562554
216.50975112562554,274.98556758279153,-0.4750736193098336,39.21242953104076,201.41473585965582
201.41473585965582,311.5172035688487,-0.3918369922027333,39.52745771862446,199.39787510294641
199.39787510294641,337.15446824634296,-0.07850741860817387,25.716474631174677,200.88141185372294
200.88141185372294,373.754298541172,0.040511801653460425,36.629884778704806,206.745266556693
206.745266556693,418.5500644735235,0.13016189683776974,45.177930867222884,211.30135716143977
211.30135716143977,457.7932295750453,0.11558150575466587,39.50675852033373,227.97646184972277
227.97646184972277,511.78072004975957,0.2995742186257678,56.50405511220025,264.84216354386626
264.84216354386626,575.3694588752332,0.5253982378554146,73.50243306732014,276.2158477761242
276.2158477761242,620.4585381990838,3.1582226367867268,46.50145984039208,270.6138876011017
270.6138876011017,578.1267198447258,3.2731626749976224,42.70087590423525,273.71273894196116
273.71273894196116,534.6164064814009,3.0704916338602644,43.620525542541145,280.14209587724713
280.14209587724713,489.29788687122436,3.0006627309707854,45.77231532552469,293.07594673555724
293.07594673555724,428.3926725126636,2.9323409087744468,62.263389195314815,315.5755631674296
315.5755631674296,372.60059191806806,2.7582651887721092,60.15803351718888,347.26914673990825
347.26914673990825,312.33102010782335,2.6574687668068364,68.09482011031332,361.61269707944683
361.61269707944683,261.4575142078584,2.866780905846084,52.85689206618799,383.6163443216115
383.6163443216115,224.14861688287027,2.6087295913349786,43.3141352397128,414.2163008478107
414.2163008478107,185.63693894186892,2.470175724599083,49.18848114382768,425.4496567666264
425.4496567666264,156.6225286876079,2.7721999090319525,31.113088686296607,435.8904853229554
435.8904853229554,139.7192541438368,2.5882738871337976,19.867853211777962,468.37858285267083
468.37858285267083,101.81673446235804,2.432962981935831,49.920711927066776,500.82324385829963
500.82324385829963,78.50278138904812,2.19388088345932,39.95242715624006,540.4096193353724
540.4096193353724,29.787541455064122,2.4592112732389326,62.77145629374404,573.1956330634846
573.1956330634846,-27.565580477366964,-1.5008724207863342,66.06287377624642,497.1143252418522
497.1143252418522,-16.810559766595933,-0.760151928947154,76.83772426574785,455.5573312316651
455.5573312316651,22.060072703733628,-0.8187867306649949,56.902634559448714,409.9844136652764
409.9844136652764,49.780704368020444,-1.0243182345085171,53.34158073566923,381.6982997647835
381.6982997647835,67.17220693118256,-1.0195347097236398,33.20494844140154,336.09265724005127
336.09265724005127,104.7973426910502,-0.8809900107022695,59.12296906484093,278.8122560502994
278.8122560502994,144.81360153808484,-0.9610085766166769,69.87378143890456,231.4903520505885
231.4903520505885,199.5076347451837,-0.7132590774283238,72.32426886334274,192.44551558006282
192.44551558006282,271.83637491981483,-0.49499748761030904,82.19456131800564,173.63303537572793
173.63303537572793,318.71954124369717,-0.3815947001348427,50.516736790803385,152.6658003745015
152.6658003745015,371.84140079466215,-0.37592968131876225,57.11004207448203,141.46293165398242
141.46293165398242,411.3498070119252,-0.27630366805355033,41.066025244689214,117.35566659250381
117.35566659250381,454.97121241383877,-0.5048736454766127,49.83961514681353,105.68528259385317
105.68528259385317,492.7117729487464,-0.2998998937855796,39.50376908808812,89.58026806567236
89.58026806567236,534.1976715344726,-0.37029671095886196,44.50226145285287,87.08390810122954
87.08390810122954,565.5999592168513,-0.07932928795298513,31.50135687171172,83.42841242685516
83.42841242685516,621.1806936969086,4.7082189005144945,55.70081412302704,27.021441841503794
27.021441841503794,637.1373643487748,2.8560239769499502,58.62048847381622,33.61204964733067
33.61204964733067,590.8317352189111,3.0002137692987763,46.772293084289736,28.55761082427103
28.55761082427103,549.879093853919,3.264393189645981,41.263375850573844,18.52743870569093
18.52743870569093,506.66995044134933,3.3696838212705447,44.358025510344305,12.687672264951086
12.687672264951086,460.4223760838832,3.267199727510132,46.61481530620658,2.920911205296555
2.920911205296555,409.7868084456428,3.3321360698843083,51.568889183723954,8.72442227905302
8.72442227905302,346.31022333837893,3.050418543313752,63.74133351023438,33.61843215951327
33.61843215951327,279.3427108097062,2.7856895951873915,71.44480010614063,70.47713445810749
70.47713445810749,229.90345351701987,2.5009552015586642,61.666880063684374,98.4383253682289
98.4383253682289,184.87917812080207,2.585857028915001,53.000128038210626,116.53488366318606
116.53488366318606,141.5026660521929,2.7463495883016793,47.000076822926374,147.0988867116182
147.0988867116182,88.71206706813356,2.616782344360463,61.00004609375583,189.9424759857398
189.9424759857398,35.13604022263933,2.4670478641932823,68.6000276562535,247.3417073897299
247.3417073897299,-18.208316881034733,0.20362976288025347,78.3600165937521,250.26635965449108
250.26635965449108,50.745697066027105,0.04238912543078659,69.01600995625125,260.454125617573
260.454125617573,116.57159647241426,0.15355007886085215,66.60960597375075,272.3486473371709
272.3486473371709,160.9717290729507,0.2617477362742713,45.965763584250446,285.94962658856895
285.94962658856895,212.3825074427553,0.25862989845181455,53.17945815055027,290.6128991359308
290.6128991359308,264.08028884263,0.08995910911715989,51.907674890330156,301.2183889648123
301.2183889648123,316.56407970275023,0.19938680121098995,53.54460493419809,315.1030046121264
315.1030046121264,356.33695495534045,0.3358706813525281,42.12676296051885,327.8044863177086
327.8044863177086,378.65135177477606,0.5174688013604889,25.67605777631131,337.24964156127817
337.24964156127817,407.3422807940297,0.31802914207291655,30.205634665786786,342.4762409848455
342.4762409848455,445.91315362997,0.13468601276975248,38.92338079947207,338.9092865348333
338.9092865348333,470.610934366635,-0.14343232250499766,24.95402847968324,335.2272857405913
335.2272857405913,499.34843290184546,-0.12743102603103929,28.972417087809944,325.94723991805466
325.94723991805466,528.489952747079,-0.3082940719287159,30.583450252685964,313.88737494593346
313.88737494593346,553.2602176268279,-0.45308743716733535,27.55007015161158,308.58923749286083
308.58923749286083,573.5085854982884,-0.25591998494642637,20.93004209096695,304.4616416771652
304.4616416771652,591.6017680301672,-0.22429151633915045,18.55802525458017,304.68784108164095
304.68784108164095,627.9358790831955,4.4978780491477615,36.33481515274811,250.19009100171633
250.19009100171633,604.304102571379,2.4327364296315337,59.400889091648864,280.98610513901576
280.98610513901576,551.3701016730251,2.6146769489896844,61.24053345498932,322.62422296762566
322.62422296762566,506.0493506097663,2.3985183394847285,61.544320072993585,365.92888052945267
365.92888052945267,480.0177709993565,2.1120437645600534,50.52659204379615,398.4479999457359
398.4479999457359,470.38455288180177,1.8587930708671054,33.91595522627769,435.7285325891134
435.7285325891134,445.63205438853066,2.1569174561849733,44.74957313576661,473.69950268078935
473.69950268078935,405.4980335425704,2.3838815558655737,55.24974388145996,498.83957792501263
498.83957792501263,382.68205925986473,2.30776923365297,33.94984632887597,531.0887817924882
531.0887817924882,333.07291858339255,2.5651712040650336,59.169907797325585,543.3807796682465
543.3807796682465,288.4323891373439,2.8728963301494974,46.301944678395344,547.6329688350579
547.6329688350579,234.41833796673046,3.063030920496818,54.18116680703721,558.8816886061181
558.8816886061181,193.4249740359365,2.873781151316675,42.508700084222326,566.881894792943
566.881894792943,152.29050955112865,2.949501579662102,41.9052200505334,578.3803547935875
578.3803547935875,109.4641301119095,2.879288636427705,44.34313203032004,578.4491277523108
578.4491277523108,57.65829654222307,3.140265140574651,51.80587921819203,578.9662548215413
578.9662548215413,11.777683225981058,3.130321985324137,45.88352753091522,574.7008755521354
574.7008755521354,-49.604413337058844,-1.0951089400946217,61.53011651854913,503.7725879832894
503.7725879832894,-20.895650816260606,-0.24893571011170512,76.51806991112949,464.7652134949987
464.7652134949987,47.92985353381639,-0.5156178007984976,79.1108419466777,444.0960910610402
444.0960910610402,95.93584212156756,-0.40656467121248274,52.26650516800662,410.7027925121315
410.7027925121315,141.5857079570307,-0.6315616133360182,56.55990310080397,364.09364173261633
364.09364173261633,187.65681320916184,-0.7912034935295619,65.53594186048238,326.9616525537705
326.9616525537705,244.76865973433502,-0.5764895492966201,68.12156511628943,292.36629712276243
292.36629712276243,286.32638010306647,-0.6942257083571137,54.07293906977366,269.34482625824654
269.34482625824654,320.06396880364207,-0.5987945349311051,40.84376344186419,259.43807978575353
259.43807978575353,345.08002559516103,-0.37706675902951536,26.906258065118514,249.55781002522093
249.55781002522093,397.09369154862725,-0.1877187709518277,52.94375483907111,237.50871595491475
237.50871595491475,438.3358813625485,-0.28424369833796825,42.966252903442665,225.47516748227636
225.47516748227636,466.01278737404795,-0.41013071581047955,30.179751742065598,204.1052411892909
204.1052411892909,504.5981314059649,-0.5057830235343576,44.10785104523936,194.41067351250135
194.41067351250135,530.0810630101196,-0.36352599019660153,27.264710627143614,182.3175840176076
182.3175840176076,582.6672981898192,-0.22603687868167552,53.95882637628617,172.9992627907612
172.9992627907612,630.1366370913063,4.023712598461823,48.3752958257717,138.49507790721947
138.49507790721947,588.3056545551904,3.831302001499556,54.22517749546302,100.3679004501941
100.3679004501941,538.2342458573696,3.792385413083994,62.935106497277815,65.78442065803392
65.78442065803392,512.7462891572967,4.0772611912007495,42.96106389836669,31.72062456532322
31.72062456532322,493.8033186414301,4.204872437715215,38.97663833902001,7.209158041749667
7.209158041749667,483.5075670359646,4.314728540677085,26.585983003412007,-40.609167061921276
-40.609167061921276,472.13714205057624,2.218469223774764,49.151589802047205,-15.675431494617087
-15.675431494617087,446.321073388516,2.1402210466002947,35.89095388122832,6.745203644737998
6.745203644737998,434.1010282184106,2.069820139123748,25.534572328736992,46.04809993533118
46.04809993533118,426.041475258213,1.7730549704202634,40.120743397242194,89.33294052555746
89.33294052555746,414.21104886932443,1.8375959815922274,44.872446038345316,128.6472356213993
128.6472356213993,394.1794089914804,2.0420353459453713,44.12346762300719,182.55857686624688
182.55857686624688,374.8432358758863,1.9151705880571743,57.27408057380431,217.65821821225717
217.65821821225717,372.7093181785132,1.6315175859071542,35.16444834428258,275.146527733916
275.146527733916,373.8007419591749,1.5518134642138994,57.49866900656954,329.9366160505055
329.9366160505055,387.59226042319807,1.3242036598387072,56.499201403941726,386.19414751351326
386.19414751351326,401.28330375320604,1.3320732407019285,57.899520842365035,429.28244612426613
429.28244612426613,426.5295590785904,1.040794804254363,49.939712505419024,469.28168802841935
469.28168802841935,456.4702455414572,0.9282358180612307,49.96382750325141,509.3125024015846
509.3125024015846,493.27422672658537,0.827370528393609,54.37829650195084,562.632479184646
562.632479184646,541.4000496314359,0.8365547620351705,71.82697790117051,624.9814031987045
624.9814031987045,581.8046909304062,5.051531462664551,74.2961867407023,579.9857622460605
579.9857622460605,597.870246117215,5.055327837070567,47.77771204442138,518.0408423176737
518.0408423176737,611.6847192013629,2.3229715020551525,63.46662722665283,547.5012435584878
547.5012435584878,585.7039320753672,2.293514447884073,39.2799763359917,597.5083241673535
597.5083241673535,562.4058946819858,2.0067894436194633,55.16798580159502,657.9504791316197
657.9504791316197,522.7303310180822,4.1460287488248575,72.30079148095702,586.8809149004684
586.8809149004684,484.752311411178,4.221618597458621,80.5804748885742,511.54314730586333
511.54314730586333,457.9950873845242,4.371121601460677,79.94828493314452,442.08763980421935
442.08763980421935,454.02341291314116,4.6552681831968385,69.56897095988671,366.1971238012607
366.1971238012607,447.8476764081466,4.631190980781213,76.14138257593203,312.3858770547754
312.3858770547754,442.4145823945051,4.611764210746411,54.08482954555922,274.8278718168235
274.8278718168235,426.34622567469063,4.308125646909953,40.85089772733553,219.02679971257737
219.02679971257737,420.4612534501337,4.607313972649116,56.110538636401316,166.21722465298058
166.21722465298058,400.47139512895234,4.350529599439644,56.46632318184079,114.0693310530967
114.0693310530967,377.26148203559865,4.2936351970014766,57.079793909104474,44.386169181975745
44.386169181975745,352.81223271424113,4.37494547045848,73.84787634546268,-28.464990272910924
-28.464990272910924,310.3779327515295,1.6715024621135306,84.3087258072776,25.971262058407945
25.971262058407945,302.62741319525304,1.712223696700128,54.985235484366555,80.93185169329627
80.93185169329627,304.4602272693836,1.5374608926155178,54.99114129061993,119.23263701599583
119.23263701599583,311.78383869525254,1.3818638200793634,38.994684774371954,181.70533887429198
181.70533887429198,319.8930742718988,1.4417136139541658,62.99681086462317,234.05673288235204
234.05673288235204,332.2852354431529,1.3383633431709498,53.7980865187739,291.91259893015956
291.91259893015956,330.65420435080085,1.5989801450175385,57.87885191126434,326.9842944544445
326.9842944544445,328.6783092490705,1.627075571702552,35.1273111467586,369.0679919213206
369.0679919213206,335.76607252565213,1.4039415672835185,42.67638668805516,430.90011750249624
430.90011750249624,331.12802878745833,1.6456663758537058,62.005832012833096,489.29912926442455
489.29912926442455,311.5181705558638,1.8947570813748242,61.603499207699855,542.5292272993622
542.5292272993622,294.90587370730793,1.8733027589997908,55.76209952461991,603.9570468757903
603.9570468757903,278.98586137710487,3.276074731293516,63.45725971477194,601.7858430572502
601.7858430572502,210.54593677051196,5.541891266627799,68.47435582886317,544.7206708972911
544.7206708972911,262.36874800634826,5.449679758844922,77.08461349731789,490.4793608556713
490.4793608556713,299.70778848835454,5.315278737704279,65.85076809839073,431.41877161777506
431.41877161777506,348.0310048071254,5.398127781899216,76.31046085903444,404.14563005530806
404.14563005530806,387.2700666272286,5.675788678044858,47.78627651542066,381.1187628806911
381.1187628806911,447.70350682339557,5.919139820735041,64.6717659092524,352.74368908130793
352.74368908130793,485.9253129682767,5.64457937908063,47.603059545551446,312.1325157723066
312.1325157723066,516.0456023856088,5.350540723641519,50.561835727330866,277.97509737361605
277.97509737361605,538.9700845591573,5.303483577533541,41.137101436398524,236.13596890031317
236.13596890031317,574.796649985474,5.42052530268104,55.08226086183912,200.30436080307396
200.30436080307396,604.0387230893427,4.311906035988371,46.24935651710347,171.38608915644383
171.38608915644383,584.4119791554119,4.1161038698949755,34.94961391026208,146.22511818691555
146.22511818691555,559.5534584284784,3.93303739095993,35.36976834615725,101.30192945474391
101.30192945474391,519.1466718479196,3.9798701448802425,60.42186100769435,78.48129624633255
78.48129624633255,487.454959737323,3.7656697454278634,39.053116604616605,56.865893613170776
56.865893613170776,463.5453840342032,3.8766396895573356,32.23186996276996,43.02834054311411
43.02834054311411,434.5377076962336,3.586696580359456,32.13912197766198,25.148086273393755
25.148086273393755,409.35665483267337,3.7590436064641515,30.88347318659719,-15.453133565382512
-15.453133565382512,370.5993681943283,2.475137459853193,56.130083911958316,3.4596373575510526
3.4596373575510526,332.11775833206406,2.684787819011665,42.87805034717499,17.20769546218458
17.20769546218458,299.57584949256864,2.7418648583824226,35.326830208305,27.742775635708973
27.742775635708973,274.06983613373296,2.749893126135756,27.596098124983,52.99418663715762
52.99418663715762,241.82241665626236,2.4772715383983934,40.957658874989804,80.17176959082093
80.17176959082093,213.33140505955384,2.379783823147278,39.374595324993884,94.93079950257805
94.93079950257805,190.9318819701136,2.5589867577363234,26.82475719499633,113.76427205907103
113.76427205907103,172.86971894103084,2.33529236494584,26.094854316997797,153.0455924994591
153.0455924994591,153.8196826846927,2.022343148219223,43.65691259019868,202.79985709835765
202.79985709835765,134.4431982962943,1.9421694434824004,53.394147554119215,234.64603541223036
234.64603541223036,110.17920561553899,2.221877772273437,40.03648853247153,264.49399252315624
264.49399252315624,75.67621171486635,2.4284069819921434,45.62189311948292,282.50536447145777
282.50536447145777,37.54271109150446,2.7003298619205536,42.17313587168975,290.5658115414036
290.5658115414036,-1.7427888575165937,-0.8759347982227039,40.103881523013854,258.90205409092385
258.90205409092385,14.664775485609894,-1.0927097627991555,35.66232891380831,229.39532603434162
229.39532603434162,40.16281461286297,-0.8581484811776229,38.99739734828499,201.95206830447077
201.95206830447077,53.695443265104764,-1.112673437292455,30.598438408970992,176.06349481950954
176.06349481950954,60.46517132319712,-1.3150286030552008,26.759063045382597,156.40969972515757
156.40969972515757,60.21105605542918,-1.5837251839179989,19.65543782722956,116.62682600862355
116.62682600862355,50.323157120606766,-1.8144066390615652,40.99326269633774,82.96157213178327
82.96157213178327,38.15758014360263,-1.917563255161195,35.79595761780264,58.553551209002165
58.553551209002165,34.52010831214741,-1.7187352589135414,24.677574570681585,40.14818154248063
40.14818154248063,34.31212563740886,-1.5820959543807023,18.40654474240895,-9.441839414198135
-9.441839414198135,42.39185374958115,0.2304417251809498,50.24392684544537,21.29858245136925
21.29858245136925,101.86320029199587,0.4770718117103978,66.94635610726723,33.64553875431337
33.64553875431337,149.24884627388263,0.2548955394186142,48.967813664360335,34.19421249422443
34.19421249422443,181.02479786474447,0.017265233411527164,31.780688198616197,27.145755871488063
27.145755871488063,228.77580774906914,-0.1465502901714485,48.26841291916972,33.50789429274117
33.50789429274117,284.57532817044273,0.1135275365980037,56.16104775150183,59.365469269361725
59.365469269361725,342.34944880328766,0.4208257017337915,63.2966286509011,101.77961552743048
101.77961552743048,407.7834241060891,0.5751071173097114,77.97797719054066,163.3429633761258
163.3429633761258,467.23972901376374,0.8028071546326954,85.5867863143244,217.53385225351266
217.53385225351266,508.5683202280365,0.9192493061617685,68.15207178859464,268.2245238367158
268.2245238367158,549.0816420126465,0.8965272841126424,64.89124307315677,298.5928312013924
298.5928312013924,581.6563176853953,0.7503590664228269,44.534745843894065,336.68696970923776
336.68696970923776,604.3096647896318,3.7298082250645685,44.320847506336435,303.1865632224112
303.1865632224112,549.083629986913,3.686854856299541,64.59250850380187,255.6252570463252
255.6252570463252,497.78358272631215,3.889190806200988,69.95550510228112,222.46858220426614
222.46858220426614,464.79302661265126,3.9295021598926,46.77330306136868,207.75095248965667
207.75095248965667,437.66413517921313,3.638665347358793,30.863981836821207,184.2588993283895
184.2588993283895,403.1888189726603,3.739737363424773,41.71838910209273,159.1632934598892
159.1632934598892,381.7118606775133,4.004534147307324,33.03103346125563,122.9345089471272
122.9345089471272,337.68234548389574,3.830099845033792,57.01862007675338,86.37824754514207
86.37824754514207,306.8676099710454,4.012007907604848,47.81117204605203,52.67460531762365
52.67460531762365,271.18051238162275,3.8984147354208543,49.08670322763122,21.78082982723163
21.78082982723163,241.7735470293861,3.951642403794373,42.652021936578734,-25.82440664450932
-25.82440664450932,211.5459043434968,2.719269139352087,56.39121316194724,-3.146990502333175
-3.146990502333175,171.71429530592425,0.1486731800481142,45.83472789716834,-10.086004974840865
-10.086004974840865,231.61455398224018,0.034521503532834966,60.30083673830101,-8.579373173217771
-8.579373173217771,283.37313252181616,0.6163558477808081,51.78050204298061,17.341442037595094
17.341442037595094,314.1894824422354,0.699326897981133,40.26830122578836,48.51671916243086
48.51671916243086,350.3725361691379,0.7111893662891892,47.76098073547302,98.48223109675322
98.48223109675322,384.76249601901816,0.9679836291850519,60.656588441283816,138.1169616229177
138.1169616229177,408.0977023528524,1.0386851071285592,45.99395306477029,161.5342082905089
161.5342082905089,433.2918078973336,0.7488620850618125,34.39637183886217,195.43884370642053
195.43884370642053,474.59648844730935,0.6873211822955291,53.43782310331731,213.1361255878441
213.1361255878441,506.9332231738129,0.5007533229061081,36.86269386199038,237.95155892967477
237.95155892967477,538.9624520138041,0.6591692403661281,40.517616317194225,283.6139234434923
283.6139234434923,580.7699527615038,0.8294404284528111,61.910569790316536,312.63182765093296
312.63182765093296,614.3044018106581,2.7682285175358743,44.346341874189925,319.2281561246912
319.2281561246912,561.7086238927992,3.016828521972627,53.00780512451396,318.25677005368027
318.25677005368027,514.7139790909197,3.1622598544468903,47.004683074708375,310.3938048371944
310.3938048371944,485.13855435343106,3.4014431336481104,30.602809844825025,298.2510633047413
298.2510633047413,462.1915945721374,3.6282995841399757,25.961685906895017,289.5229455762072
289.5229455762072,431.01322326371223,3.414547040319502,32.37701154413701,278.5369976581841
278.5369976581841,410.32273947756437,3.629705258678407,23.426206926482205,250.36883551198255
250.36883551198255,376.97042482205063,3.8429223246584434,43.655724155889324,227.70197667350297
227.70197667350297,335.34890222268746,3.6402764194125243,47.3934344935336,207.04119877119047
207.04119877119047,270.94572712269286,3.4520244882989646,67.63606069612015,181.60132093544073
181.60132093544073,196.17332909430624,3.4695380903750825,78.98163641767209,168.52420948685892
168.52420948685892,148.13238957517245,3.407360993971256,49.78898185060325,150.40881363210838
150.40881363210838,96.12363433985635,3.4767649931463973,55.07338911036195,116.12665974816997
116.12665974816997,46.099313053809546,3.7423911832677472,60.644033466217174,67.92277120469357
67.92277120469357,5.247032679511598,4.009354306513853,63.1864200797303,16.777364263492224
16.777364263492224,-35.691336945532726,0.6436714281047098,65.51185204783818,46.62629107286886
46.62629107286886,11.344009441791279,0.5654774067647096,55.7071112287029,90.5016741769447
90.5016741769447,57.69579238500291,0.7579587745080144,63.824266737221734,116.72780421488426
116.72780421488426,86.68845918432766,0.7353386619978384,39.094560042333036,141.25260205343207
141.25260205343207,111.17567305019256,0.786164995119083,34.65673602539982,159.50022991707908
159.50022991707908,137.45575631161992,0.6069252807580016,31.994041615239894,177.70851958042397
177.70851958042397,153.08542677633164,0.8614560876362409,23.996424969143938,193.1964142927993
193.1964142927993,165.73609162996425,0.8858891951901305,19.997854981486363,226.5932791102664
226.5932791102664,204.54276157319367,0.7106135124386763,51.19871298889182,261.75266319469074
261.75266319469074,232.17656415691567,0.9046763600018803,44.719227793335094,302.53767414987107
302.53767414987107,270.59681901890053,0.8152453434996285,56.03153667600105,338.9005000518139
338.9005000518139,299.4492229497177,0.9000566719039398,46.418922005600635,373.58426591844074
373.58426591844074,339.5924971312877,0.7125655162251561,53.05135320336038,416.3741363676251
416.3741363676251,384.2251789897394,0.7643219251865331,61.830811922016224,472.0129419501677
472.0129419501677,437.5965199384327,0.8061956558948631,77.09848715320973,512.2985097053515
512.2985097053515,468.9669508618021,0.9091778827816547,51.059092291925836,539.6031229752912
539.6031229752912,508.73021593683904,0.601729878608018,48.2354553751555,559.9080250831647
559.9080250831647,550.6086240226589,0.4514573333542724,46.541273225093306,587.7074125576112
587.7074125576112,601.8821273565018,4.218709633069992,58.324763935055984,535.5782917545118
535.5782917545118,590.3250661517353,4.494217094369337,53.394858361033585,470.5745645459981
470.5745645459981,560.219202236219,4.278661239461057,71.63691501662015,430.86314362493323
430.86314362493323,527.6135541777462,4.024935000500323,51.38214900997209,398.0672551685572
398.0672551685572,512.6957998072976,4.285495362282068,36.029289405983256,380.5347541574413
380.5347541574413,498.09261264572666,4.017894135286217,22.817573643589952,340.5488246057586
340.5488246057586,473.60080642483865,4.162821249229763,46.890544186153974,282.2351693830916
282.2351693830916,451.0163071644417,4.34288425039889,62.534326511692385,243.5910341886229
243.5910341886229,434.7692404670066,4.314397437568925,41.920595907015425,195.01283443595597
195.01283443595597,427.27839532484984,4.559392261535092,49.15235754420925,135.61914277060828
135.61914277060828,434.98364836091076,4.841400274170564,59.89141452652555,96.0852574557668
96.0852574557668,434.70765034774166,4.705407791281096,39.53484871591533,39.22916447043145
39.22916447043145,437.42327144824145,4.760115771342248,56.920909229549196,-3.32032974656876
-3.32032974656876,437.9328532552263,2.2431463311887225,42.552545537729515,42.21876092875315
42.21876092875315,409.7936343968586,2.1242834937584223,53.53152732263771,72.27812976797374
72.27812976797374,387.67721819126814,2.2051199679675446,37.318916393582626,100.95004732037346
100.95004732037346,365.9217957201577,2.2198873480011074,35.99134983614958,128.7249207088557
128.7249207088557,335.49863396648493,2.4016678932602837,41.19480990168975,160.5688172878732
160.5688172878732,291.9900504427579,2.509777071119334,53.91688594101385,195.9220582357535
195.9220582357535,236.7907016909965,2.571949779143406,65.55013156460831,213.12919411136863
213.12919411136863,191.8416308039374,2.775988969887664,48.13007893876498,232.2460392886707
232.2460392886707,148.16391988818276,2.7290314346871893,47.67804736325898,239.02647211941502
239.02647211941502,100.43631742644207,3.000471759282423,48.20682841795539,234.61933962431056
234.61933962431056,51.711124195382716,3.2317959476087523,48.924097050773234,240.34259604651615
240.34259604651615,8.736092090883652,3.009195399902743,43.35445823046394,267.96091305083587
267.96091305083587,-51.22140801006875,-0.2796177154029442,66.01267493827837,240.426630127897
240.426630127897,-3.8322022170170555,0.09431635263482607,54.80760496296702,229.27492913789555
229.27492913789555,50.315950740159124,-0.203108144154523,55.28456297778021,204.3809446573865
204.3809446573865,100.44591209131252,-0.46091504118392934,55.970737786668124,190.60269929894082
190.60269929894082,172.31961987297052,-0.18940294781056882,73.18244267200087,179.6722128111122
179.6722128111122,231.22351222314092,-0.18347777913702157,59.90946560320052,157.64195705625346
157.64195705625346,300.97276484058744,-0.3059333126659058,73.14567936192032,144.1441901523112
144.1441901523112,348.58383289490666,-0.2762518598946942,49.487407617152186,131.17657640498356
131.17657640498356,387.787238005824,-0.3194487598253123,41.29244457029131,111.04305834663732
111.04305834663732,430.89253334560823,-0.4369645550440481,47.57546674217478,89.30769173308056
89.30769173308056,461.7515677419203,-0.6136352573945314,37.74528004530487,67.69010710541907
67.69010710541907,486.21618740095056,-0.7236949311765288,32.647168027182914,58.46648787436905
58.46648787436905,506.6162085215813,-0.4246302408659271,22.388300816309748,56.63244545612777
56.63244545612777,521.5368918442168,-0.12230594640135156,15.032980489785848,56.688557918463374
56.688557918463374,547.7566200954213,0.0021400823125946877,26.21978829387151,61.77295592109255
61.77295592109255,579.8887170748976,0.1569331063640922,32.5318729763229,80.69890178317063
80.69890178317063,624.7814959561518,3.528174723853798,48.71912378579374,73.68922719050789
73.68922719050789,591.8886316269702,3.3515580208549087,33.63147427147624,54.47330783271086
54.47330783271086,557.5164773061872,3.651361169456714,39.378884562885744,27.627672462833633
27.627672462833633,516.2533951000602,3.71838740718641,49.22733073773145,12.63304404747129
12.63304404747129,469.04094028829377,3.449116106861032,49.53639844263887,-19.920655986640757
-19.920655986640757,418.4949993363543,0.9130845590305957,60.12183906558332,27.684711051093874
27.684711051093874,458.95013105714213,0.8664172766382817,62.47310343935,76.81398186831396
76.81398186831396,516.2574445607984,0.7087139461427292,75.48386206360999,124.51576247668162
124.51576247668162,580.592497542056,0.6380121867280215,80.090317238166,170.80380705187537
170.80380705187537,634.2370053555566,4.360195296249101,70.8541903428996,131.88572284296043
131.88572284296043,607.3324198360558,2.626895251074044,47.31251420573976,167.43008062730613
167.43008062730613,550.7888974442955,2.5803948226623907,66.78750852344386,190.3356979603865
190.3356979603865,497.86016667619094,2.7331647584268177,57.67250511406632,205.90082526874968
205.90082526874968,441.3615172784657,2.8727657787269063,58.60350306843979,215.56156431987654
215.56156431987654,401.349159825297,2.9046828736568733,41.16210184106387,222.22948548222968
222.22948548222968,375.08510860037006,2.892965435490492,27.09726110463832,233.78255282260815
233.78255282260815,339.0326218035461,2.831480356038024,37.858356662782995,235.98295449483817
235.98295449483817,305.9907940007941,3.0750964076897778,33.1150139976698,238.95010305124552
238.95010305124552,262.22224447809674,3.073904423587357,43.86900839860188,251.39896331336456
251.39896331336456,223.03046178619843,2.8340323648004246,41.121405039161125,259.5706350134184
259.5706350134184,164.12169470587313,3.003754865764466,59.47284302349668,284.5927262516166
284.5927262516166,97.37394819216561,2.782931185891806,71.283705814098,307.783117540523
307.783117540523,59.54641213332089,2.591628550409765,44.3702234884588,332.45534961724866
332.45534961724866,9.02701658733352,2.6872910601842532,56.22213409307528,357.64781155917666
357.64781155917666,-49.080162612858686,0.32892229522227434,63.33328045584517,366.9295200126739
366.9295200126739,-1.1710111730807284,1.5423410374537445,48.799968273507105,423.7996707227894
423.7996707227894,-8.010760982605541,0.8009395294668811,57.27998096410426,460.807672555953
460.807672555953,11.78115316531162,1.079697096972874,41.96798857846256,499.3832905357643
499.3832905357643,28.343420242417096,1.1652507869052342,41.980793147077534,531.6866109227564
531.6866109227564,44.20740110266278,1.1142985179415215,35.98847588824652,574.0332074229575
574.0332074229575,59.99286102112881,1.2139838334270796,45.19308553294791,618.6827884467517
618.6827884467517,94.31326347025424,3.7204030978482545,56.315851319768754,595.5948766408575
595.5948766408575,64.39678883951858,3.7988663968839345,37.789510791861254,572.5754690822498
572.5754690822498,42.93284057894634,3.9619437960814965,31.473706475116753,559.2707582942518
559.2707582942518,26.83515508911705,3.8322835969146976,20.88422388507005,522.5118333577672
522.5118333577672,-0.3689476844812738,1.3746856416743896,45.73053433104203,557.4573847014296
557.4573847014296,16.115234429581687,1.1300353790843038,38.63832059862522,584.0100617927354
584.0100617927354,19.620090916868396,1.4395586527231563,26.782992359175132,614.3900253778538
614.3900253778538,29.892850553851574,3.223560997587208,32.069795415505084,609.8322900327338
609.8322900327338,-5.053064237133469,1.0984540011214499,35.241877249303045,632.2486778380302
632.2486778380302,-1.199970620180641,0.36169657125155674,22.745126349581827,647.9895564323967
647.9895564323967,22.01345658381548,5.297176507787112,28.047075809749096,631.51931810201
631.51931810201,28.297268185831353,5.985754479984156,17.628245485849458,627.5022927601725
627.5022927601725,45.61440889693459,4.616491092159359,17.776947291509675,583.292100619071
583.292100619071,27.266957146303938,4.319014534945265,47.86616837490581,553.3601471843393
553.3601471843393,16.178878994395298,4.357619592813255,31.919701024943485,509.8172404198154
509.8172404198154,2.8004025552028757,4.414295866781078,45.55182061496609,450.4560502515418
450.4560502515418,-6.791123459609306,0.06382683777555598,60.13109236897966,460.53458433708886
460.53458433708886,50.406370945677054,0.17441546097588875,58.07865542138779,462.25509543209364
462.25509543209364,102.82533623183988,0.032810522816149684,52.447193252832676,457.13583167613825
457.13583167613825,142.36361838245318,-0.12875980576394047,39.86831595169961,442.910139040395
442.910139040395,196.03120591886704,-0.25911157502329163,55.52098957101977,426.33560013677265
426.33560013677265,264.5681341870856,-0.23727808848519313,70.51259374261187,415.04726794932685
415.04726794932685,343.2702628531382,-0.1424594786427547,79.50755624556712,412.37549202501185
412.37549202501185,422.5297776528976,-0.03369645437429332,79.30453374734027,397.52573988442776
397.52573988442776,479.40589795980117,-0.25538820742966417,58.78272024840417,388.315890066718
388.315890066718,550.4813145165425,-0.12886054140621694,71.6696321490425,387.23180615179524
387.23180615179524,607.8728559460714,1.5910669425508446,57.4017792894255,440.2844751603741
440.2844751603741,603.3978601417487,4.68622958974106,53.2410675736553,397.2057451053592
397.2057451053592,605.7817696481679,2.419090328536729,43.14464054419318,412.73975600284024
412.73975600284024,571.6650068389614,2.714324244385232,37.48678432651591,431.9559123341223
431.9559123341223,531.5366667067914,2.6949935495558366,44.492070595909546,471.6041189397337
471.6041189397337,480.92147232037917,2.477101690852286,64.29524235754573,504.71128491321366
504.71128491321366,423.1596176691339,2.6211373124033344,66.57714541452744,540.80988110015
540.80988110015,361.8514979572281,2.6094446069631196,71.14628724871646,574.565937149218
574.565937149218,287.6842159357593,2.7144774533192564,81.48777234922989,614.3027278344018
614.3027278344018,214.0265661319263,5.027242401674785,83.69266340953794,549.3448633353364
549.3448633353364,246.48424502705106,5.175774805708006,72.61559804572276,491.44867138218154
491.44867138218154,275.52044312942496,5.177253228823715,64.76935882743365,414.4580206071921
414.4580206071921,288.40669456016184,4.878226025531692,78.06161529646019,329.6732856314019
329.6732856314019,285.4301102134795,4.6772958432619305,84.83696917787611,243.62138705464974
243.62138705464974,282.4879321846215,4.67821155483403,86.10218150672567,182.7575257056455
182.7575257056455,261.25468638209145,4.376726023400137,64.4613089040354,148.38485422648964
148.38485422648964,235.95987540139572,4.077973828629302,42.67678534242124,111.04326266716252
111.04326266716252,191.57170314224044,3.840985456618617,58.00607120545274,79.28447646202308
79.28447646202308,158.28935583038952,3.903570521995273,46.003642723271646,26.196788341868853
26.196788341868853,128.64811516937584,4.2031615093218,60.80218563396299,-17.82534247380999
-17.82534247380999,82.63331953175626,1.5017348226056215,63.6813113803778,59.29578782863637
59.29578782863637,95.63122697934539,1.4038266099324073,78.20878682822668,131.67464053601952
131.67464053601952,91.02506008076907,1.6343502994670174,72.525272096936,189.89764097035882
189.89764097035882,87.74779197318813,1.627025196101624,58.315163258161604,262.20965466155104
262.20965466155104,104.33076309678735,1.3453688756227433,74.18909795489697,344.2636160214757
344.2636160214757,107.45606896965961,1.5327263078404978,82.11345877293817,425.76214646303396
425.76214646303396,85.25595017197944,1.836742811236415,84.4680752637629,481.97044186601005
481.97044186601005,82.39919333606194,1.6215771027007517,56.28084515825774,519.2597305953786
519.2597305953786,88.39661563563561,1.4113270251121417,37.76850709495464,560.1324157471763
560.1324157471763,97.43960508023633,1.3530561912650314,41.86110425697279,621.5697814966487
621.5697814966487,115.06883767360057,5.050396709366308,63.916662554183674,549.9491066263258
549.9491066263258,129.94838975441772,4.917230012991631,73.14999753251021,475.5814791963128
475.5814791963128,162.2755277397742,5.122441531807089,81.08999851950614,402.9540694131792
402.9540694131792,182.73439696907835,4.986969924990666,75.45399911170368,341.1368346304249
341.1368346304249,218.20811131647403,5.233357287280535,71.27239946702221,267.64863489393275
267.64863489393275,249.7301065734458,5.117591723566497,79.96343968021333,191.873975274514
191.873975274514,269.7631254640727,4.970851781475774,78.37806380812799,129.05510348023256
129.05510348023256,278.52401362164784,4.850957891158306,63.426838284876794,69.39412382897245
69.39412382897245,290.5253792047757,4.910899078229699,60.856102970926074,13.930625151554423
13.930625151554423,285.25163066307874,4.617588963708055,55.71366178255565,-56.52246241367996
-56.52246241367996,266.0297675964553,2.4719878807436766,73.02819706953339,-24.491672278530295
-24.491672278530295,219.34461027094542,0.7872421717930919,56.61691824172003,33.72641869054936
33.72641869054936,260.9732108985264,0.9500437308624381,71.57015094503203,73.47705753371936
73.47705753371936,281.94171623615176,1.0853906654069942,44.942090567019214,108.33102830149464
108.33102830149464,295.40882259304084,1.2020804659291038,37.36525434021153,137.30820913837528
137.30820913837528,315.4266072082149,0.9662634505148582,35.21915260412692,156.61836990114583
156.61836990114583,331.5110580683085,0.8762827190787756,25.13149156247615,171.14074638765553
171.14074638765553,350.9678132080932,0.6411883204696402,24.27889493748569,177.4758956718035
177.4758956718035,364.96856064765205,0.42491978100235206,15.367336962491413,183.12201716277676
183.12201716277676,395.26738079781137,0.18423474554817587,30.82040217749485,193.0629700391375
193.0629700391375,418.95849135137644,0.39729376874432976,25.692241306496907,218.20263362648524
218.20263362648524,452.87209702724607,0.6379004492960432,42.215344783898146,252.11545699660286
252.11545699660286,508.2410623045426,0.5495512420891545,64.92920687033889,288.0487525816062
288.0487525816062,567.096294879608,0.5481312720440001,68.95752412220332,326.8272199359641
326.8272199359641,635.8945826921978,2.9189470241448987,78.97451447332199,327.696696413624
327.696696413624,583.3170627998024,3.125057122191439,52.58470868399319,338.93436364953357
338.93436364953357,546.6496299824739,2.8442057362105437,38.35082521039591,359.67261150888623
359.67261150888623,497.4296536989171,2.7428278116279006,53.41049512623755,376.01607377129596
376.01607377129596,461.3087440606588,2.716690381448241,39.64629707574253,381.3973473834901
381.3973473834901,433.63939754280415,2.9495055322985895,28.18777824544552,386.87983930635596
386.87983930635596,383.4251385674766,3.0328414446274867,50.51266694726731,385.85406955752234
385.85406955752234,344.7311324784706,3.168096230262723,38.707600168360386,388.60916362480106
388.60916362480106,301.5944653308245,3.077810327370222,43.22456010101623,398.73036319956674
398.73036319956674,251.4713912914563,2.9423449435690863,51.13473606060974,396.1766704179639
396.1766704179639,196.04935197624621,3.1876372931555164,55.48084163636584,378.0171306820392
378.0171306820392,135.4220810545466,3.432615978809875,63.2885049818195,350.42299918521525
350.42299918521525,95.20542428001431,3.742953792217627,48.7731029890917,327.1213557978101
327.1213557978101,59.705945778776474,3.7224496273980625,42.46386179345502,313.5141670026933
313.5141670026933,23.927824373783317,3.505020566663477,38.27831707607301,298.2909897074715
298.2909897074715,-19.657102623742034,0.8293925965546554,46.1669902456438,332.42874288897036
332.42874288897036,0.609106273316872,1.035051842138886,39.700194147386284,382.90888131270293
382.90888131270293,24.4343246249478,1.1298213596038496,55.820116488431765,432.980524682681
432.980524682681,70.28368323108039,0.8293881216751529,67.89206989305906,490.92047928669507
490.92047928669507,116.85287749235114,0.8937734423099986,74.33524193583543,563.5404069268659
563.5404069268659,157.86625486835072,1.0566860179341901,83.40114516150126,623.7534183470741
623.7534183470741,171.0559311906835,5.064047953896604,61.640687096900756,577.0792779545238
577.0792779545238,179.22949489728788,4.885750834226,47.38441225814045,524.6134743976023
524.6134743976023,185.42762018342592,4.829980435909064,52.83064735488427,492.13748970128813
492.13748970128813,184.22110974316143,4.675255207805456,32.49838841293056,454.3465707987336
454.3465707987336,181.3604884023291,4.636837063294078,37.89903304775834,410.7522983285925
410.7522983285925,186.857034834217,4.837811294808116,43.939419828655005,357.98892194452213
357.98892194452213,186.6865235997277,4.709157370646887,52.763651897193,299.72282519892553
299.72282519892553,181.9513275956914,4.631298728057627,58.4581911383158,253.8479866038161
253.8479866038161,181.86777495226542,4.710567664962161,45.874914682989484,213.96341827661905
213.96341827661905,180.07257390007226,4.667409423024234,39.92494880979369,164.28866014242385
164.28866014242385,192.28933643963842,4.953538134075098,51.15496928587622,101.73331935056594
101.73331935056594,221.62650468842673,5.150913625561204,69.09298157152574,36.06281416049869
36.06281416049869,238.70844957613892,4.966865630317515,67.85578894291544,-16.910982376507626
-16.910982376507626,242.55785646941652,0.4474897598535883,53.11347336574926,18.230009976785745
18.230009976785745,285.9900273618558,0.6802654626348221,55.868084019449554,74.08416270736778
74.08416270736778,333.18083565833024,0.8692743534477567,73.12085041166974,115.9300635859525
115.9300635859525,379.8366404453041,0.7311034292778407,62.67251024700184,154.3722119116286
154.3722119116286,406.5343822949703,0.9637769772237701,46.8035061482011,182.20939243021067
182.20939243021067,420.8053805775103,1.0970723925121972,31.28210368892066,214.73152928273961
214.73152928273961,430.6146307968119,1.2778561189343867,33.969262213352394,239.5668691843424
239.5668691843424,444.3521228654195,1.0655433394869274,28.381557328011436,291.4944283959922
291.4944283959922,462.56509118935503,1.2334641966840039,55.02893439680686,344.6243721157703
344.6243721157703,471.1393192235756,1.4107936418190048,53.81736063808411,401.9276613436483
401.9276613436483,483.8238775075099,1.3529508051566688,58.69041638285047,458.9512824696454
458.9512824696454,488.4904626889079,1.4891422828537648,57.21424982971028,495.8400540361247
495.8400540361247,501.5389089344492,1.2308077145532788,39.128549897826176,529.3945806221242
529.3945806221242,511.7613739172992,1.275076816189813,35.077129938695705,561.7686962727115
561.7686962727115,521.6349329415707,1.2747741493879432,33.846277963217425,586.2548724922847
586.2548724922847,536.6203607806434,1.0216033171695782,28.707766777930452,614.6288286348497
614.6288286348497,563.703428741503,5.734558502840306,39.224660066758275,601.5744862804614
601.5744862804614,584.7128142831494,5.545105289938222,24.734796040054963,567.3708257940613
567.3708257940613,604.7504984840401,2.329424223229143,39.64087762403298,604.637433492706
604.637433492706,585.852175498026,3.159875433310941,41.784526574419786,609.5542882226825
609.5542882226825,528.9936567167612,5.556008860359717,57.070715944651866,572.3871689062971
572.3871689062971,568.5012054515266,5.52830182360838,54.24242956679112,527.8924884600173
527.8924884600173,625.7992582168728,4.276463751854816,72.54545774007467,462.3994435300863
462.3994435300863,578.6022886397793,4.087943939141001,80.7272746440448,407.14947623790704
407.14947623790704,544.6730193736761,4.161662817424334,64.83636478642688,365.62277473072845
365.62277473072845,532.4018914897069,4.425065997153739,43.30181887185613,300.9892648927845
300.9892648927845,528.0316284493397,4.644875687646481,64.78109132311369,242.16059854403628
242.16059854403628,525.8621739401872,4.675528177731746,58.86865479386821,178.49743073150935
178.49743073150935,523.1434452565321,4.669710020777401,63.72119287632093,108.76552587916294
108.76552587916294,538.6384225596842,4.93104423921068,71.43271572579255,65.13698868400827
65.13698868400827,540.2858401309293,4.750131141138301,43.65962943547552,23.365798865104658
23.365798865104658,541.7192735701652,4.746691837632576,41.795777661285314,-3.42960899151473
-3.42960899151473,537.8211567047186,0.2665768403318706,27.07746659677119,2.915298229494219
2.915298229494219,579.1838214790938,0.15221049535662773,41.846479958062716,-1.7701940355949635
-1.7701940355949635,624.4498576449009,3.7298871700007643,45.50788797483763,-13.81948234692508
-13.81948234692508,590.839701524589,0.22314169971979392,35.704732784902575,-14.162554871879756
-14.162554871879756,644.2614396070377,4.007864729934444,53.42283967094154,-63.974329567454696
-63.974329567454696,620.3499594023565,2.076861315283204,55.25370380256493,-23.215445104179857
-23.215445104179857,599.1292131873579,3.028153005590686,45.95222228153895,-23.09826159199211
-23.09826159199211,541.5579990790886,3.0321136252974967,57.57133336892337,-11.89247553573901
-11.89247553573901,482.0612681328665,2.9612944698835197,60.54280002135402,5.239808642389864
5.239808642389864,431.773866970512,2.8132381012962653,53.12568001281241,31.574698829020292
31.574698829020292,383.4026552214628,2.6430334758908476,55.07540800768744,48.09815400706728
48.09815400706728,341.06773223428553,2.769473450234677,45.445244804612464,55.20157452163116
55.20157452163116,308.15849042869064,2.929005332774828,33.667146882767476,68.61369854280716
68.61369854280716,263.53000420063256,2.8496512317360114,46.600288129660484,74.2037091343398
74.2037091343398,207.8497318404923,3.0415331113686896,55.96017287779629,86.36209923104207
86.36209923104207,143.00360772185468,2.9562485497375586,65.97610372667776,91.3358793229077
91.3358793229077,98.89750243328234,3.029298537849068,44.38566223600665,100.36318240349803
100.36318240349803,47.046062865793346,2.969220986157503,52.631397341603986,119.55219181142088
119.55219181142088,-0.8304291647206625,0.7503192167069774,51.57883840496239,161.96421566287424
161.96421566287424,22.792882744713985,1.0625980615775736,48.54730304297743,206.66161725823508
206.66161725823508,55.740469588265455,0.9355860548934443,55.52838182578646,243.57869555665985
243.57869555665985,91.38548053080106,0.8029271110847015,51.317029095471874,294.0511691530804
294.0511691530804,122.304912150724,1.0211636796901162,59.190217457283126,338.29717768396006
338.29717768396006,142.68522708840985,1.139151235303924,48.714130474369874,370.8111014306064
370.8111014306064,159.98209314437887,1.0818906152085248,36.82847828462192,400.4392847286499
400.4392847286499,183.9311806033237,0.891002062345126,38.09708697077315,443.9421520746123
443.9421520746123,207.03693617960403,1.082554575524929,49.25825218246389,470.605838787934
470.605838787934,233.48352723991127,0.7894857798248437,37.554951309478334,499.0621341400695
499.0621341400695,269.79454827134305,0.664711471190407,46.132970785687,533.3998218571752
533.3998218571752,327.6520657746293,0.5356168076549404,67.2797824714122,555.9352991434093
555.9352991434093,401.0377459064991,0.2979420072520122,76.76786948284732,569.0733454726131
569.0733454726131,469.44832904231737,0.18973686750509441,69.6607216897084,583.680278295947
583.680278295947,517.8904238279177,0.2928634295869588,50.596433013825035,612.3557936691102
612.3557936691102,560.7381510266302,4.144569920260872,51.55785980829502,572.838723488507
572.838723488507,542.9533607503027,4.289490679566677,43.33471588497701,521.6460995755207
521.6460995755207,524.5477770713491,4.367244356041902,54.40082953098621,485.0565746963756
485.0565746963756,501.1323225347103,4.143111492069655,43.44049771859173,433.4387874413093
433.4387874413093,475.42677108149803,4.25034430582454,57.664298631155035,386.0412755442647
386.0412755442647,434.5359654993061,4.000556204291026,62.59857917869302,348.2210237581137
348.2210237581137,405.7002052969939,4.060972233039845,47.55914750721581,322.80067609786295
322.80067609786295,369.6204703984697,3.7553726474948514,44.13548850432949,308.58541780200176
308.58541780200176,327.8941377872867,3.4699390962835492,44.0812931025977,295.9596040092826
295.9596040092826,277.3999411429361,3.3866135274191604,52.048775861558624,281.6478654708581
281.6478654708581,246.9680230434094,3.5811886700297415,33.62926551693517,270.85228776280087
270.85228776280087,214.96210148347384,3.466908398835028,33.7775593101611,255.71968447467518
255.71968447467518,194.4792122223824,3.7778822389557845,25.46653558609666,243.1413902560545
243.1413902560545,171.6330131455451,3.6448687570258826,26.079921351657998,224.45798086289716
224.45798086289716,143.16911840031727,3.7224466984552147,34.0479528109948,214.6421898171651
214.6421898171651,114.78994689809952,3.4745924906667436,30.02877168659688,203.5341046336597
203.5341046336597,62.3359543289015,3.350277716179668,53.61726301195813,188.0941133595178
188.0941133595178,15.863353656923223,3.462357614708308,48.97035780717488,167.7798572288422
167.7798572288422,-50.47835805114387,0.9286049300780013,69.38221468430493,230.8412588100088
230.8412588100088,-14.045258188260334,-1.3378726873267566,72.82932881058295,176.65509210255559
176.65509210255559,-8.227402265564582,-0.3350604507498738,54.49759728634977,144.11815481627212
144.11815481627212,39.17968504071152,-0.6014928746684642,57.498558371809864,117.15711372576672
117.15711372576672,84.69254860154182,-0.5347998492310554,52.89913502308592,99.55154868900823
99.55154868900823,131.63945090696393,-0.3587795718807121,50.13948101385155,65.9240672229988
65.9240672229988,181.4314394898039,-0.5939964461192512,60.08368860831093,40.61614667042629
40.61614667042629,237.20865499991135,-0.42595331554202265,61.25021316498656,15.174673680099946
15.174673680099946,277.8527962457561,-0.5592869917605912,47.95012789899194,-12.995631418937908
-12.995631418937908,319.1255775909498,0.7248866021439418,49.97007673939517,29.813843295985603
29.813843295985603,357.0351445149989,0.8460270117153836,57.1820460436371,75.94945975312591
75.94945975312591,397.71548346748483,0.8481529225495419,61.50922762618226,142.3088202613966
142.3088202613966,429.7925998411023,1.1205288868596548,73.70553657570936,190.79793841781284
190.79793841781284,442.87646347716077,1.3072420853455382,50.22332194542562,257.3540633310227
257.3540633310227,460.8257712777535,1.307376442102973,68.93399316725538,334.25024241248724
334.25024241248724,463.9690466093848,1.5299421985008514,76.96039590035323,414.72240097522894
414.72240097522894,454.9478082009519,1.682434068418597,80.97623754021194,498.7484218959961
498.7484218959961,449.7644644383378,1.6324056223120773,84.18574252412716,571.652247327938
571.652247327938,450.8185632948907,1.556338575032361,72.9114455144763,628.9869446622039
628.9869446622039,462.67048943577504,3.2035879629326245,58.546867308685776,622.9912182855755
622.9912182855755,416.7319870261051,5.970405728885974,46.32812038521147,620.6738007526676
620.6738007526676,460.86806173821253,3.502836528822141,44.19687223112688,617.007222540739
617.007222540739,400.86185407617074,5.7482866766174485,60.11812333867613,600.0553890683633
600.0553890683633,433.1536485831743,4.318492364202636,36.47087400320567,548.9046023371849
548.9046023371849,416.2148336097066,4.392600624918542,53.882524401923405,490.9181677756314
490.9181677756314,374.333514723624,4.086878697529955,71.52951464115404,434.1080101926195
434.1080101926195,321.88702688022437,3.9669092280840843,77.31770878469243,382.2559032535385
382.2559032535385,292.5203514445394,4.197076276053419,59.59062527081546,316.03964505468116
316.03964505468116,274.76902743584697,4.450466572084919,68.55437516248928,255.04537547748345
255.04537547748345,248.6976594036786,4.3084537602876996,66.33262509749358,191.71761010464294
191.71761010464294,222.32540445479896,4.31779046950162,68.59957505849614,144.88938708770874
144.88938708770874,192.4255248991664,4.144139748314051,55.559745035097684,93.51660980351366
93.51660980351366,174.12261899838668,4.3701337312236355,54.535847021058615,60.66495745564588
60.66495745564588,159.59252298062927,4.295961629447179,35.92150821263517,20.290232189570183
20.290232189570183,146.79994249451812,4.405549448766361,42.3529049275811,-12.385337551729371
-12.385337551729371,124.76377620011627,1.6777799503354294,39.411742956548665,25.46839496269154
25.46839496269154,118.03545817335208,1.746704340874774,38.4470457739292,76.0162893140418
76.0162893140418,110.7639911276939,1.7136692005394156,51.06822746435752,134.2454178520409
134.2454178520409,111.93671087733065,1.5506593049587512,58.240936478614515,199.27136686568576
199.27136686568576,105.49173429856155,1.6695875936319209,65.34456188716871,261.3052737078643
261.3052737078643,98.68032905470302,1.68015955079682,62.406737132301224,297.0141294460889
297.0141294460889,86.1484035079157,1.908314792654863,37.84404227938073,334.5217808648678
334.5217808648678,78.36648154139246,1.7753695082556948,38.306425367628435,386.0556601091258
386.0556601091258,58.07779727818614,1.9458564717787605,55.38385522057706,436.31599609954526
436.31599609954526,19.055811482348155,2.2309787344278704,63.63031313234623,459.7041333869096
459.7041333869096,-13.61346790211924,0.44259258876252083,40.17818787940774,473.5768384556715
473.5768384556715,8.502565789390648,0.5602293807591103,26.10691272764464,511.1771502721853
511.1771502721853,46.22902831575331,0.7837234522072664,53.264147636586785,560.940087108417
560.940087108417,79.67555983197025,0.9790296841078537,59.95848858195207,609.2854703663045
609.2854703663045,131.36538211761788,3.8237597947840922,70.77509314917124,560.8623002720175
560.8623002720175,75.85198682221812,3.858879488037579,73.66505588950275,536.7283139803624
536.7283139803624,28.217886767660602,3.610548930658239,53.399033533701655,497.93969112278995
497.93969112278995,-18.652976008458225,-0.08643908775643316,60.83942012022099,503.622932445489
503.622932445489,54.430032790990055,0.07760800728192285,73.30365207213259,511.00647143962874
511.00647143962874,98.59934345429656,0.16563297837042007,44.78219124327955,522.0288420201655
522.0288420201655,133.78248880292267,0.30360035752020426,36.86931474596773,527.5066692705163
527.5066692705163,167.8667007664802,0.15935185456282594,34.52158884758064,532.7497690315809
532.7497690315809,202.58599504133298,0.1498814940248808,35.112953308548384,528.7165681413215
528.7165681413215,246.26796740428932,-0.09206997547602445,43.86777198512903,535.3163356980307
535.3163356980307,307.4336037344003,0.10748408789638253,61.52066319107742,548.6549533738357
548.6549533738357,352.8268221148208,0.2858014453447537,47.312397914646446,565.1535901430178
565.1535901430178,412.1632156384779,0.2712019410886083,61.587438748787875,569.0949489887589
569.0949489887589,459.75274638655566,0.08263129005627859,47.75246324927272,579.8896583501632
579.8896583501632,493.5208013884536,0.30940558998775136,35.45147794956363,611.4215125580877
611.4215125580877,546.0552066459634,4.365858018635178,61.27088676973818,541.1569998902701
541.1569998902701,532.487072851797,4.521635979707624,71.56253206184292,487.59162068647026
487.59162068647026,524.6371594827765,4.566876510450436,54.13751923710575,419.52899815057583
419.52899815057583,503.45518919412586,4.410677075072078,71.28251154226345,355.6973488051359
355.6973488051359,460.80454165621154,4.1233435743229325,76.76950692535806,300.580611835772
300.580611835772,426.6111801401428,4.157118285493436,64.86170415521484,244.13042515052948
244.13042515052948,394.55503825477746,4.195932615928935,64.91702249312891,174.72208965668426
174.72208965668426,366.2704582322383,4.325425410699345,74.95021349587734,129.8559694885948
129.8559694885948,359.52658807864606,4.563194917099418,45.3701280975264,76.63390142014063
76.63390142014063,359.5571764848876,4.712963711957206,53.222076858515834,15.085975608738686
15.085975608738686,342.2565179098701,4.438367516525336,63.9332461151095,-52.800206986597566
-52.800206986597566,309.99998452127795,0.0810055661246323,75.1599476690657,-67.61538021320695
-67.61538021320695,375.43987789551034,0.39042006326991424,67.09596860143941,-43.60509024170729
-43.60509024170729,413.56718563618773,1.314271672187394,45.05758116086365,9.427099967711563
9.427099967711563,422.8270687320917,1.3979303341963751,53.83454869651819,42.52574638183211
42.52574638183211,423.19839111289593,1.5595781398232496,33.10072921791091,73.44970932949599
73.44970932949599,426.10687786942765,1.4770193456200926,31.060437530746547,117.99671775222782
117.99671775222782,428.9282201387844,1.5075467596939076,44.63626251844793,172.7553428863853
172.7553428863853,447.9906747941848,1.2357992419415833,57.981757511068764,223.3423173471808
223.3423173471808,473.79677342728115,1.099075004256323,56.78905450664126,260.67847386918976
260.67847386918976,481.25315955119555,1.3736800844058632,38.07343270398475,308.2581467462394
308.2581467462394,478.7770444054716,1.622790871041425,47.64405962239085,357.96046719873914
357.96046719873914,485.731012860828,1.4317863514237956,50.18643577343451,417.3464708956081
417.3464708956081,491.9606969955689,1.4662770416086697,59.7118614640607,485.0599618712262
485.0599618712262,488.0362959029239,1.6286875385314277,67.82711687843641,557.5620329838505
557.5620329838505,461.8201834549489,1.9177598516283545,77.09627012706184,624.1405569236882
624.1405569236882,440.6681842044618,3.9737925872766175,69.85776207623711,591.1783046431198
591.1783046431198,395.9986521529123,3.777313442995297,55.514657245742264,561.7822101972474
561.7822101972474,329.278625740092,3.5565926944834496,72.90879434744537,544.4851092029986
544.4851092029986,272.51004153253723,3.4373511575498905,59.345276608467216,510.2211115531984
510.2211115531984,211.00274534510226,3.6498492682732526,70.40716596508034,463.62361542130446
463.62361542130446,150.1502843250168,3.7950949376324337,76.64429957904821,414.79349524721425
414.79349524721425,100.57295639450811,3.9193979628734996,69.58657974742893,377.4492098751829
377.4492098751829,62.4700078304298,3.9169356090820036,53.35194784845736,328.5363874502605
328.5363874502605,19.34191574613537,3.9897578123285626,65.21116870907441,283.2403738199728
283.2403738199728,-25.76788672264133,0.7139807284376176,63.926701225444646,304.6153445166195
304.6153445166195,7.515583711289551,0.5708792931687404,39.55602073526679,330.7183284031303
330.7183284031303,50.78543717272301,0.5428133167519533,50.533612441160074,343.8242084956109
343.8242084956109,90.60423106793888,0.31797005741712964,41.92016746469604,354.35446258772834
354.35446258772834,148.40494957064027,0.1802057134081681,58.752100478817624,363.72743123857435
363.72743123857435,201.23112858336899,0.17560284393145237,53.65126028729057,377.6810726067656
377.6810726067656,256.48727920632615,0.24735511206705751,56.99075617237435,383.6956054587907
383.6956054587907,301.4815213002238,0.13288563379452237,45.39445370342461,390.1538025032726
390.1538025032726,349.8892917989677,0.13262922121366139,48.836672222054766,414.89487164998604
414.89487164998604,409.8905379038988,0.3911010500920102,64.90200333323286,438.9695995646086
438.9695995646086,451.5796588569232,0.5236977653733584,48.14120199993972,459.65620272466606
459.65620272466606,481.14605115928936,0.6105018526862387,36.08472119996383,494.64321651655894
494.64321651655894,511.08913149731274,0.8629249882525488,46.0508327199783,517.6700900354903
517.6700900354903,535.5998149116979,0.7541948708510031,33.63049963198698,541.870853711002
541.870853711002,566.155189090369,0.6698620695635096,38.978299779192184,584.3518836755197
584.3518836755197,608.2247155297341,1.9443572774391322,59.78697986751531,638.2631210195867
638.2631210195867,593.5522968110507,5.13815488741064,55.872187920509184,573.7692562046179
573.7692562046179,610.6561521036595,2.245945675331438,66.7233127523055,602.1233710209133
602.1233710209133,576.9658531814695,4.748447339534002,44.0339876513833,544.2680432452673
544.2680432452673,568.8600948308108,4.573191115722497,58.42039259082998,475.2631256145912
475.2631256145912,543.689630974595,4.362622983379829,73.45223555449799,417.7480850905935
417.7480850905935,539.446551357671,4.6387489908205986,57.671341332698795,346.78799204442
346.78799204442,519.1606155604469,4.4339378871344906,73.80280479961928,283.944835609532
283.944835609532,487.69233569463637,4.24814703122424,70.28168287977157,214.21766441713007
214.21766441713007,457.03553154892097,4.2981603111021975,76.16900972786294,145.6725224617816
145.6725224617816,435.99616099553157,4.414575774932529,71.70140583671775,101.79855395107026
101.79855395107026,409.17866607931245,4.163746231714034,51.42084350203065,71.39063666889624
71.39063666889624,394.76167147388225,4.2696590814349715,33.652506101218385,35.74659986517137
35.74659986517137,375.3407340666959,4.213502157867653,40.591503660731036,14.615856535209428
14.615856535209428,355.83852684161445,3.967048576187721,28.75490219643862,-10.966745130003854
-10.966745130003854,310.5059867420355,2.3315323091366795,52.05294131786317,43.95503540075829
43.95503540075829,265.7763888598906,2.2542705175792506,70.8317647907179,81.8485344716557
81.8485344716557,239.52365648262878,2.1766757860900996,46.09905887443074,134.99182715546283
134.99182715546283,217.15401355562432,1.9692151904312079,57.659435324658446,196.6756389558895
196.6756389558895,194.25911469518374,1.9262009561543947,65.79566119479506,262.6764896037881
262.6764896037881,155.22949925983607,2.104831393966383,76.67739671687704,315.4913986997408
315.4913986997408,134.31164136623644,1.9479012988456068,56.80643803012623,364.07269886771087
364.07269886771087,110.54356421822077,2.0258016303600668,54.08386281807574,428.99011240569274
428.99011240569274,88.83698891219163,1.8934815269824012,68.45031769084544,475.4756132842503
475.4756132842503,79.21840247512725,1.7748328023108813,47.47019061450726,509.45978617761125
509.45978617761125,81.80036153669143,1.4949666663710288,34.08211436870435,565.9084256075063
565.9084256075063,81.53383877096807,1.575517800827613,56.449268621222615,634.1677724664415
634.1677724664415,82.71474905933582,5.182104553380797,68.26956117273357,602.519280428259
602.519280428259,110.57125626279134,4.470329355088403,42.161736703640145,550.237873467899
550.237873467899,88.12291830383751,4.306818369503904,56.89704202218409,496.2853927678108
496.2853927678108,59.792773255589836,4.228867985050834,60.938225213310446,439.7944837677208
439.7944837677208,49.82866131116089,4.5378004218370736,57.36293512798626,381.0110619279411
381.0110619279411,47.81910044045496,4.678216444707207,58.817761076791754,330.95913701653603
330.95913701653603,49.78854094426531,4.751716639567279,50.09065664607505,283.30805700803285
283.30805700803285,49.22654418900387,4.700595528909506,47.65439398764503,235.17985329761012
235.17985329761012,46.73531756820922,4.660672833623019,48.19263639258702,173.89320408401466
173.89320408401466,56.84927500033642,4.875941972010989,62.11558183555221,132.2893282639191
132.2893282639191,59.184263495959016,4.7684544642785385,41.66934910133133,90.11515847124653
90.11515847124653,57.662671112760634,4.676325847475537,42.20160946079879,52.27145650334958
52.27145650334958,48.568948522167126,4.476563330519685,38.92096567647928,8.179372462772449
8.179372462772449,27.302939130454487,4.262994062927456,48.95257940588756,-30.33567366972249
-30.33567366972249,-0.2770309122279393,-0.9987931948077254,47.37154764353254,-66.60273348396743
-66.60273348396743,34.17574483606255,0.5360602196920063,50.02292858611952,-35.505910650313226
-35.505910650313226,76.36803735977759,2.2266866625059665,52.41375715167172,-1.8033609188292132
-1.8033609188292132,40.18422890869624,0.4061151805283215,49.448254291003025,21.603997872952664
21.603997872952664,72.21111375188384,0.6311424171555773,39.66895257460182,55.24215790740169
55.24215790740169,121.17025111045615,0.6019925998049946,59.40137154476109,71.38086543023613
71.38086543023613,154.2880462275894,0.4534459934419553,36.84082292685665,76.03008623481615
76.03008623481615,181.59965035830314,0.16861249394046623,27.704493756113994,87.99364160201873
87.99364160201873,208.0418560304587,0.42488255431611216,29.022696253668393,104.1587832034144
104.1587832034144,226.06926520805632,0.7309877894929915,24.213617752201035,127.2591424177296
127.2591424177296,271.9054354950763,0.4668238601159104,51.328170651320626,159.48365919201348
159.48365919201348,319.16076494864933,0.5984907439764017,57.196902390792374,186.80390159921834
186.80390159921834,379.150811831337,0.42734618479349024,65.91814143447542,211.60426956407588
211.60426956407588,411.48618512029867,0.6542758170167499,40.750884860685254,229.17146541258845
229.17146541258845,448.8090994077146,0.43991872870087423,41.25053091641115,255.09595312676726
255.09595312676726,499.29196375064254,0.47441327988153664,56.75031854984669,270.0941973504204
270.0941973504204,539.8583501189306,0.35413447725937014,43.25019112990802,293.6959388954061
293.6959388954061,592.7844645354514,0.4194704545809447,57.95011467794481,320.8635534258489
320.8635534258489,623.7181886287318,2.4748369464003055,41.170068806766885,342.75459986617756
342.75459986617756,566.2439929592524,2.7776727310913962,61.502041284060134,356.47832373583697
356.47832373583697,508.14153481642103,2.9096450503125446,59.701224770436085,381.1025418822426
381.1025418822426,458.9385964340284,2.677575233378345,55.020734862261655,401.2564921910736
401.2564921910736,410.7726616512624,2.7453021415029637,52.21244091735699,415.7544010977199
415.7544010977199,348.71623269052634,2.912084502671508,63.7274645504142,419.0995187114197
419.0995187114197,310.22483525131327,3.0549048644078267,38.63647873024851,427.6598067432084
427.6598067432084,285.2703678544877,2.8111350000513835,26.381887238149105,431.98896487050433
431.98896487050433,263.0591990311035,2.949096982383985,22.629132342889463,439.3106263704874
439.3106263704874,237.3021286191922,2.864639595453654,26.77747940573368,453.4659789607854
453.4659789607854,192.6244646574643,2.8347652837409303,46.86648764344021,456.690969823732
456.690969823732,132.19055999656513,3.0882792888143236,60.519892586064124,473.05562504423824
473.05562504423824,84.1916176445977,2.813013736952368,50.71193555163847,493.0685463365324
493.0685463365324,54.71658404237198,2.545114669669108,35.62716133098308,512.0897167092244
512.0897167092244,28.270219627525865,2.5180731181789175,32.576296798589844,536.357966718608
536.357966718608,6.285269696010275,2.3068692966221302,32.74577807915391,567.025980076289
567.025980076289,-41.58024444172615,-0.8828878001315096,56.84746684749234,522.2900105130255
522.2900105130255,-13.33134544325506,1.1121286715436791,52.90848010849541,557.2334325349175
557.2334325349175,19.20403056108593,0.821068991306843,47.74508806509725,598.5568148548609
598.5568148548609,72.50959321935375,0.6594456724482409,67.44705283905836,617.0043640964848
617.0043640964848,114.28608557925025,3.2396550816487535,45.66823170343502,614.5287411071614
614.5287411071614,62.944797874671124,3.539874266764811,51.40093902206101,601.9274231034717
601.9274231034717,31.32254713155561,5.30505693664802,34.040563413236605,556.3046303255946
556.3046303255946,63.14435981434622,5.321433863585181,55.62433804794196,498.74384553709456
498.74384553709456,98.92358343824338,5.26853259503352,67.77460282876518,455.3740657659933
455.3740657659933,137.8317401440624,5.4436139614748935,58.26476169725911,421.58758918539604
421.58758918539604,191.90267363476377,5.724690488634176,63.75885701835547,379.55511887902935
379.55511887902935,228.687012225466,5.431298839493239,55.85531421101328,350.66500552764035
350.66500552764035,267.4107199011452,5.642212163484572,48.31318852660797,327.9194225624091
327.9194225624091,286.64501800053137,5.414339295369363,29.787913115964784,304.4691548551611
304.4691548551611,296.5921697780773,5.113565497874703,25.47274786957887,283.27100652418784
283.27100652418784,301.1549681766689,4.924399437361086,21.683648721747325,268.1965213297861
268.1965213297861,309.0357317099744,5.194100537540148,17.010189233048393,252.95883270082015
252.95883270082015,319.7128243059807,5.323586533289525,18.606113539829035,211.13990178372282
211.13990178372282,344.79413898142485,5.252631862447988,48.763668123897425,153.3091515557977
153.3091515557977,362.42361376195083,5.008285725419755,60.45820087433846,115.59147738543183
115.59147738543183,379.6731380365578,5.1413239912020305,41.47492052460308,76.71864132407387
76.71864132407387,405.88575656474535,5.305669360857158,46.88495231476185,38.21980185700258
38.21980185700258,439.83731004043096,5.435105234347062,51.33097138885711,-12.791707362618922
-12.791707362618922,488.93176245964156,0.18165111759797858,70.79858283331427,6.555052302266013
6.555052302266013,556.2874609055978,0.2797029196374767,70.07914969998856,15.96074784039582
15.96074784039582,598.0898564747325,0.22131800655065298,42.847489819993136,44.82604768126237
44.82604768126237,656.6730779595376,3.4335853266646703,65.30849389199588,23.685122147422295
23.685122147422295,604.8330135379537,1.8601677730577588,55.985096335197525,82.37654952699894
82.37654952699894,565.2515757577368,2.1641329721476295,70.79105780111851,148.12107910468228
148.12107910468228,523.1409427640453,2.140477757166111,78.07463468067111,197.61036880063077
197.61036880063077,493.5820023256725,2.1092130915917395,57.64478080840267,249.24005281422754
249.24005281422754,469.4598359970117,2.0078737215442057,56.9868684850416,318.8449069716811
318.8449069716811,444.9559299240586,1.9092900863142779,73.79212109102497,375.5874013130741
375.5874013130741,427.13466753168643,1.8751132366207348,59.47527265461498,436.07103188397747
436.07103188397747,427.56530404489797,1.5636765617832835,60.485163592768984,509.0696932112773
509.0696932112773,416.115857286571,1.7263734577053245,73.89109815566138,576.9511942386789
576.9511942386789,385.82157843619177,1.9905539009773388,74.33465889339683,649.993718456428
649.993718456428,370.6535752495832,4.756659401635975,74.60079533603809,601.8097299951315
601.8097299951315,374.7814089587253,3.2799574893521295,48.36047720162286,601.7917380719969
601.7917380719969,329.7651262332205,5.388774786480443,45.01628632097371,552.9571147016634
552.9571147016634,359.94892085143044,5.265997975139815,57.40977179258423,512.6962886851918
512.6962886851918,383.89888485484033,5.249028001404561,46.84586307555053,479.7549018605072
479.7549018605072,413.82853869211164,5.449920392771274,44.50751784533032,454.9014572585206
454.9014572585206,428.9737965281936,5.259678936997927,29.104510707198195,425.4664540037463
425.4664540037463,456.4449834701937,5.463291120069247,40.26270642431892,404.62222200330075
404.62222200330075,492.6280892281733,5.760542487563034,41.75762385459136,365.08195701721144
365.08195701721144,529.7781400853131,5.466630137686016,54.25457431275481,304.6607055351369
304.6607055351369,562.1625678221109,5.204402607270273,68.55274458765288,249.85609726265926
249.85609726265926,595.8525616778616,5.2635684480481615,64.33164675259172,201.00999181405453
201.00999181405453,614.2588740763343,4.009106711507191,52.198988051555034,174.56571864322567
174.56571864322567,587.9256726428573,3.929095343098135,37.31939283093302,153.50856779794083
153.50856779794083,567.134777962849,3.9333531827624713,29.59163569855981,123.68742783349781
123.68742783349781,550.4835807998033,4.2031432229094765,34.154981419135886,96.15501920179231
96.15501920179231,539.3642255185383,4.328555807318994,29.69298885148153,44.16873696755943
44.16873696755943,527.0893147451645,4.48051754326252,53.415793310888915,-9.956315776038842
-9.956315776038842,518.2042890558373,2.6266124968755618,54.84947598653335,3.075158349315343
3.075158349315343,471.0626086994829,2.871895510389254,48.90968559192001,21.113796168108877
21.113796168108877,435.1976715741254,2.675579648178644,40.145811355152006,56.45301680135258
56.45301680135258,389.0967430661662,2.4875758435176945,58.0874868130912,91.83821709877353
